<?xml version="1.0" encoding="UTF-8"?>
<project-private xmlns="http://www.netbeans.org/ns/project-private/1">
    <editor-bookmarks xmlns="http://www.netbeans.org/ns/editor-bookmarks/2" lastBookmarkId="0"/>
    <open-files xmlns="http://www.netbeans.org/ns/projectui-open-files/2">
        <group>
            <file>file:/D:/CPSC%20Software%20Engineering/Project%20Stuff/Caribbean_Stud_Poker/src/caribbean_stud_poker/Player.java</file>
            <file>file:/D:/CPSC%20Software%20Engineering/Project%20Stuff/Caribbean_Stud_Poker/src/caribbean_stud_poker/startFrame.java</file>
            <file>file:/D:/CPSC%20Software%20Engineering/Project%20Stuff/Caribbean_Stud_Poker/src/caribbean_stud_poker/Dealer.java</file>
            <file>file:/D:/CPSC%20Software%20Engineering/Project%20Stuff/Caribbean_Stud_Poker/src/caribbean_stud_poker/HandAnalyzer.java</file>
            <file>file:/D:/CPSC%20Software%20Engineering/Project%20Stuff/Caribbean_Stud_Poker/src/caribbean_stud_poker/Card.java</file>
            <file>file:/D:/CPSC%20Software%20Engineering/Project%20Stuff/Caribbean_Stud_Poker/src/caribbean_stud_poker/CSP_Game.java</file>
            <file>file:/D:/CPSC%20Software%20Engineering/Project%20Stuff/Caribbean_Stud_Poker/src/caribbean_stud_poker/Game_Launcher.java</file>
        </group>
    </open-files>
</project-private>
